{
    "r_cos": [
        [
            0.0,
            0.0,
            0.0,
            0.0,
            0.9961957724814023,
            0.020075851139303748,
            -0.012364322538975488,
            -0.0025902800969418213,
            -0.0010212029928247301
        ],
        [
            -0.0009624021776123958,
            -0.005652247707487148,
            -0.010875855617536087,
            -0.04461510408623123,
            0.1699840559972001,
            -0.020406248093381953,
            -0.010840196548416085,
            0.0008267313890704172,
            -0.0007022230792056277
        ],
        [
            -0.00037991536937667344,
            -0.000410066533745022,
            -0.0063343814872568755,
            0.00366496581248363,
            -0.017333045104290904,
            0.005295565970435888,
            -0.0024715082116440017,
            0.0019829810289304925,
            -0.0001677002269431946
        ],
        [
            0.0003594307556444567,
            0.0011562004174647022,
            0.0008294889001883806,
            -8.534223505673067e-05,
            0.006559710436291124,
            -0.0013180285016094768,
            -0.0014262055561746123,
            0.0007846167077052633,
            -0.00018122368469623135
        ],
        [
            0.0002599915784063192,
            -0.00031937512634387297,
            -1.469472455314629e-05,
            -0.00016025796085220384,
            -0.00033213559064773987,
            -9.234131671293294e-05,
            6.0533270515186015e-05,
            -2.2707917339752918e-05,
            3.569054063060641e-05
        ]
    ],
    "z_sin": [
        [
            0.0,
            0.0,
            0.0,
            0.0,
            0.0,
            -0.18217113486517092,
            -0.0037697935017272713,
            -0.0019099591977665986,
            0.0006074132853469695
        ],
        [
            -0.0001911429330580703,
            -0.0053110864684026825,
            -0.0075031626953508115,
            -0.06977873929502074,
            -0.09193977930377424,
            0.05879392805475797,
            -0.008253661371270165,
            0.002976804679508031,
            0.0006891108293071511
        ],
        [
            -0.0006794528530511577,
            -0.00030501982619385824,
            -0.0019037835719284061,
            -0.0055668248005299025,
            -0.022446254543411284,
            0.011518350621263886,
            -0.004703164382729663,
            -0.0005537926442827108,
            0.0004455903142855511
        ],
        [
            -0.00024679683674241367,
            0.0008059827477432472,
            -0.0011421617398957714,
            0.000598990704717067,
            -0.004244004898681303,
            0.0074588141370365325,
            -0.0033526918542153396,
            0.0010997054825742755,
            -0.0002283790553359966
        ],
        [
            -6.110232295018976e-05,
            0.0002677697190334492,
            0.0006287583570639606,
            -0.0011833929394171486,
            -0.0010851070104289438,
            0.0026640621776645324,
            -0.0016706841651664616,
            0.00020553073164462907,
            -2.026373367501632e-05
        ]
    ],
    "r_sin": null,
    "z_cos": null,
    "n_field_periods": 4,
    "is_stellarator_symmetric": true
}
